Hospital Abbreviation,Hospital Name,Hospital Ranking,Individual Likes,Official Likes ,Total Likes
BJH,Barnes-Jewish Hospital,12,3034,412,3446
CC,Cleveland Clinic,2,518352,229643,747995
CSM,Cedars-Sinai Medical Center,11,417386,0,417386
Duke,Duke University Hospital,17,1122961,25847,1148808
Jhop,Johns Hopkins,3,382625,499563,882188
MCP,Mayo Clinic Phoenix ,20,1193,32232,33425
MC,Mayo Clinic,1,37520,96462,133982
MGH,Massachusetts General Hospital,4,665830,1357793,2023623
MntSinai,Mount Sinai Hospital,18,450075,119,450194
NMH,Northwestern Memorial Hospital,13,22,17728,17750
NYPH,New York-Presbyterian Hospital,8,2392749,18647,2411396
NYUlang,NYU Langone Medical Center,19,3440468,32998,3473466
Stanford,Stanford Health Care,9,1417872,188363,1606235
TJ,Thomas Jefferson University Hospital,16,1168969,31931,1200900
UCLA,Ronald Reagan UCLA Medical Center,7,8446,0,8446
UCSF,UCSF Medical Center,5,4411314,24932,4436246
UnivColo,University of Colorado Hospital,15,12855,749,13604
UnivMich,University of Michigan Hospitals and Health Centers,6,12136084,88245,12224329
UnivPenn,Hospitals of the University of Pennsylvania-Penn Presbyterian,10,460611,176139,636750
UPMC,UPMC Presbyterian Shadyside,14,2666224,68906,2735130
