Name,Rank,Likes,Retweets,Retweets to Likes,Year founded,Age
"Mayo Clinic, Rochester, Minnesota",1,96462,53265,0.552186353,1889,129
Cleveland Clinic,2,229643,99463,0.433120104,1921,97
"Johns Hopkins Hospital, Baltimore",3,499563,140685,0.281616132,1889,129
"Massachusetts General Hospital, Boston",4,1357793,545969,0.40210032,1811,207
"UCSF medical Center, San Francisco",5,24932,12247,0.491216108,1864,154
"University of Michigan Hospitals and Health Centers, Ann Arbor",6,88245,30637,0.347181143,1850,168
"Ronald Reagan UCLA Medical Centr, Los Angeles",7,0,0,0,1955,63
"New York-Presbyterian Hospital, New York",8,18647,5091,0.273019789,1868,150
"Stanford Health Care-Stanford Hospital, Stanford, California",9,188363,91690,0.48677288,1959,59
"Hospitals of the Unversity of Pennsylvania-Penn Presbyterian, Philadelphia",10,176139,74651,0.423818689,1871,147
"Cedars-Sinai Medical Center, LA",11,0,0,0,1902,116
"Barnes-Jewish Hospital, ST. Louis",12,412,186,0.451456311,1902,116
"Northwestern Memorial Hospital, Chicago",13,17728,6289,0.354749549,1972,46
"UPMC Presbyterian Shadyside, Pittsburgh",14,68906,28328,0.411110789,1893,125
"University of Colorado Hospital, Aurora",15,749,321,0.428571429,1921,97
"Thomas Jefferson University Hospitals, Philadelphia",16,31931,16154,0.505903354,1825,193
"Duke University Hospital, Durham, North Carolina",17,25847,6636,0.256741595,1838,180
"Mount Sinai Hospital, NY",18,119,67,0.56302521,1852,166
"NYU Langone Medical Center, NY",19,32998,14481,0.438844778,1841,177
Mayo clinic Phoenix,20,32232,18245,0.56605237,1988,30
