Hospital,lat,lon,from,to
Johns Hopkins Hospital,39.2967,-76.5927,2009,2010
Mayo Clinic Rochester,44.0222,-92.4666,2009,2010
Ronald Reagan UCLA Medical Center,34.0659,-118.4465,2009,2010
Cleveland Clinic,41.5024,-81.6176,2009,2010
Massachusetts General Hospital,42.3632,-71.0688,2009,2010
New York-Presbyterian University Hospital of Columbia and Cornell,40.84089,-73.9417,2009,2010
"University of California, San Francisco Medical Center",37.7627,-122.4586,2009,2010
Hospital of the University of Pennsylvania,39.9500,-75.1938,2009,2010
"Barnes-Jewish Hospital/Washington University, St. Louis",38.6369,-90.2645,2009,2010
"Brigham and Women's Hospital, Boston",42.3360,-71.1068,2009,2010
"Duke University Medical Center, Durham, N.C.",36.0071,-78.9371,2009,2010
"University of Washington Medical Center, Seattle",47.655548,-122.3032,2009,2010
UPMC-University of Pittsburgh,40.440624,-79.995888,2009,2010
University of Michigan Hospitals and Health Centers,42.2835,-83.7306,2009,2010
Stanford Hospital and Clinics,37.4335,-122.1754,2009,2010
Vanderbilt University Medical Center,36.1417,-86.8021,2009,2010
NYU Langone Med Center,40.7468,-73.9722,2009,2010
Yale-New Haven Hospital,41.3036,-72.9359,2009,2010
Mount Sinai Medical Center,40.7891,-73.9539,2009,2010
Methodist Hospital,29.7114,-95.4000,2009,2010
Ohio State University Hospital,39.99926,-83.014824,2009,2010
