Hospital,lat,lon,from,to
Johns Hopkins Hospital,39.2967,-76.5927,2011,2012
Massachusetts General Hospital,42.3632,-71.0688,2011,2012
Mayo Clinic Rochester,44.0222,-92.4666,2011,2012
Cleveland Clinic,41.5024,-81.6176,2011,2012
Ronald Reagan UCLA Medical Center,34.0659,-118.4465,2011,2012
New York-Presbyterian University Hospital of Columbia and Cornell,40.84089,-73.941745,2011,2012
"University of California, San Francisco Medical Center",37.7627,-122.4586,2011,2012
"Brigham and Women's Hospital, Boston",42.3360,-71.1068,2011,2012
"Duke University Medical Center, Durham, N.C.",36.0071,-78.9371,2011,2012
Hospital of the University of Pennsylvania,39.9500,-75.1938,2011,2012
"Barnes-Jewish Hospital/Washington University, St. Louis",38.6369,-90.2645,2011,2012
UPMC-University of Pittsburgh,40.440624,-79.995888,2011,2012
University of Washinton Med Center,47.6493,-122.3067,2011,2012
University of Michigan Hospitals and Health Centers,42.2835,-83.7306,2011,2012
Vanderbilt University Medical Center,36.1417,-86.8021,2011,2012
"Mount Sinai Medical Center, NY",25.8142,-80.1399,2011,2012
Stanford Hospital and Clinics,37.4335,-122.1754,2011,2012
