Hospital,lat,lon,from,to
Massachusetts General Hospital,42.3632,-71.0688,2012,2013
Johns Hopkins Hospital,39.2967,-76.5927,2012,2013
Mayo Clinic Rochester,44.0222,-92.4666,2012,2013
Cleveland Clinic,41.5024,-81.6176,2012,2013
Ronald Reagan UCLA Medical Center,34.0659,-118.4465,2012,2013
"Barnes-Jewish Hospital/Washington University, St. Louis",38.6369,-90.2645,2012,2013
New York-Presbyterian University Hospital of Columbia and Cornell,40.84089,-73.941745,2012,2013
"Duke University Medical Center, Durham, N.C.",36.0071,-78.9371,2012,2013
"Brigham and Women's Hospital, Boston",42.3360,-71.1068,2012,2013
UPMC-University of Pittsburgh,40.440624,-79.995888,2012,2013
NYU Langone Med Center,40.7468,-73.9722,2012,2013
"Northwestern Memorial Hospital, IL",41.8946,-87.6213,2012,2013
"University of California, San Francisco Medical Center",37.7627,-122.4586,2012,2013
"Mount Sinai Medical Center, NY",25.8142,-80.1399,2012,2013
Hospital of the University of Pennsylvania,39.9500,-75.1938,2012,2013
Indiana University Health,39.167908,-86.518982,2012,2013
University of Michigan Hospitals and Health Centers,42.2835,-83.7306,2012,2013
