Hospital,lat,lon,from,to
Johns Hopkins Hospital,39.2967,-76.5927,2013,2014
Massachusetts General Hospital,42.3632,-71.0688,2013,2014
Mayo Clinic Rochester,44.0222,-92.4666,2013,2014
Cleveland Clinic,41.5024,-81.6176,2013,2014
Ronald Reagan UCLA Medical Center,34.0659,-118.4465,2013,2014
"Northwestern Memorial Hospital, IL",41.8946,-87.6213,2013,2014
"University of California, San Francisco Medical Center",37.7627,-122.4586,2013,2014
New York-Presbyterian University Hospital of Columbia and Cornell,40.84089,-73.941745,2013,2014
"Brigham and Women's Hospital, Boston",42.3360,-71.1068,2013,2014
UPMC-University of Pittsburgh,40.440624,-79.995888,2013,2014
Hospital of the University of Pennsylvania,39.9500,-75.1938,2013,2014
"Duke University Medical Center, Durham, N.C.",36.0071,-78.9371,2013,2014
Cedars-Sinai Medical Center,34.0753,-118.3804,2013,2014
NYU Langone Med Center,40.7468,-73.9722,2013,2014
"Barnes-Jewish Hospital/Washington University, St. Louis",38.6369,-90.2645,2013,2014
Indiana University Health,39.167908,-86.518982,2013,2014
Thomas Jefferson University Hospital,39.9498,-75.1580,2013,2014
University Hospitals Case Medical Center,41.5060,-81.6068,2013,2014
