Hospital,lat,lon,from,to
Mayo Clinic Rochester,44.0222,-92.4666,2014,2015
Massachusetts General Hospital,42.3632,-71.0688,2014,2015
Johns Hopkins Hospital,39.2967,-76.5927,2014,2015
Cleveland Clinic,41.5024,-81.6176,2014,2015
Ronald Reagan UCLA Medical Center,34.0659,-118.4465,2014,2015
New York-Presbyterian University Hospital of Columbia and Cornell,40.84089,-73.9417452,2014,2015
Hospital of the University of Pennsylvania,39.95,-75.1938,2014,2015
"University of California, San Francisco Medical Center",37.7627,-122.4586,2014,2015
Brigham and Women's Hospital,42.336,-71.1068,2014,2015
Northwestern Memorial Hospital,41.8946,-87.6213,2014,2015
University of Washington Medical Center,47.6493,-122.3067,2014,2015
Cedars-Sinai Medical Center,34.0753,-118.3804,2014,2015
UPMC-University of Pittsburgh,40.440624,-79.995888,2014,2015
"Duke University Medical Center, Durham, N.C.",36.0071,-78.9371,2014,2015
NYU Langone Medical Center,40.7468,-73.9722,2014,2015
"Mount Sinai Medical Center, NY",25.8142,-80.1399,2014,2015
"Barnes-Jewish Hospital/Washington University, St. Louis",38.6369,-90.2645,2014,2015