Hospital,lat,lon,from,to
Massachusetts General Hospital,42.3632,-71.0688,2015,2016
Mayo Clinic Rochester,44.0222,-92.4666,2015,2016
Johns Hopkins Hospital,39.2967,-76.5927,2015,2016
Ronald Reagan UCLA Medical Center,34.0659,-118.4465,2015,2016
Cleveland Clinic,41.5024,-81.6176,2015,2016
"Brigham and Women's Hospital, Boston",42.3360,-71.1068,2015,2016
New York-Presbyterian University Hospital of Columbia and Cornell,40.84089,-73.941745,2015,2016
"University of California, San Francisco Medical Center",37.7627,-122.4586,2015,2016
Hospital of the University of Pennsylvania,39.9500,-75.1938,2015,2016
"Barnes-Jewish Hospital/Washington University, St. Louis",38.6369,-90.2645,2015,2016
"Northwestern Memorial Hospital, IL",41.8946,-87.6213,2015,2016
NYU Langone Med Center,40.7468,-73.9722,2015,2016
UPMC-University of Pittsburgh,40.440624,-79.995888,2015,2016
"Duke University Medical Center, Durham, N.C.",36.0071,-78.9371,2015,2016
Stanford Hospital and Clinics,37.4335,-122.1754,2015,2016
