Hospital,lat,lon,from,to
Mayo Clinic Rochester,44.0222,-92.4666,2016,2017
Cleveland Clinic,41.5024,-81.6176,2016,2017
Massachusetts General Hospital,42.3632,-71.0688,2016,2017
Johns Hopkins Hospital,39.2967,-76.5927,2016,2017
Ronald Reagan UCLA Medical Center,34.0659,-118.4465,2016,2017
New York-Presbyterian University Hospital of Columbia and Cornell,40.84089,-73.941745,2016,2017
"University of California, San Francisco Medical Center",37.7627,-122.4586,2016,2017
"Northwestern Memorial Hospital, IL",41.8946,-87.6213,2016,2017
Hospital of the University of Pennsylvania,39.9500,-75.1938,2016,2017
NYU Langone Med Center,40.7468,-73.9722,2016,2017
"Barnes-Jewish Hospital/Washington University, St. Louis",38.6369,-90.2645,2016,2017
UPMC-University of Pittsburgh,40.440624,-79.995888,2016,2017
"Brigham and Women's Hospital, Boston",42.3360,-71.1068,2016,2017
Stanford Hospital and Clinics,37.4335,-122.1754,2016,2017
Mount Sinai Medical Center,40.7891,-73.9539,2016,2017
"Duke University Medical Center, Durham, N.C.",36.0071,-78.9371,2016,2017
Cedars-Sinai Medical Center,34.0753,-118.3804,2016,2017
University of Michigan Hospitals and Health Centers,42.2835,-83.7306,2016,2017
Houston Methodist,29.7114,-95.4000,2016,2017
University of Colorado Hospital,39.7423,-104.8416,2016,2017
