Hospital,lat,lon,from,to
Mayo Clinic Rochester,44.0222,-92.4666,2017,2018
Cleveland Clinic,41.5024,-81.6176,2017,2018
Johns Hopkins Hospital,39.2967,-76.5927,2017,2018
Massachusetts General Hospital,42.3632,-71.0688,2017,2018
"University of California, San Francisco Medical Center",37.7627,-122.4586,2017,2018
University of Michigan Hospitals and Health Centers,42.2835,-83.7306,2017,2018
Ronald Reagan UCLA Medical Center,34.0659,-118.4465,2017,2018
New York-Presbyterian University Hospital of Columbia and Cornell,40.84089,-73.941745,2017,2018
Stanford Hospital and Clinics,37.4335,-122.1754,2017,2018
Hospital of the University of Pennsylvania,39.95,-75.1938,2017,2018
Cedars-Sinai Medical Center,34.0753,-118.3804,2017,2018
"Barnes-Jewish Hospital/Washington University, St. Louis",38.6369,-90.2645,2017,2018
"Northwestern Memorial Hospital, IL",41.8946,-87.6213,2017,2018
UPMC-University of Pittsburgh,40.440624,-79.995888,2017,2018
University of Colorado Hospital,39.7423,-104.8416,2017,2018
Thomas Jefferson University Hospital,39.9498,-75.158,2017,2018
"Duke University Medical Center, Durham, N.C.",36.0071,-78.9371,2017,2018
Mount Sinai Medical Center,40.7891,-73.9539,2017,2018
NYU Langone Med Center,40.7468,-73.9722,2017,2018
"Mayo Clinic Phoenix		",33.6582,-111.9562,2017,2018