Hospital,lat,lon,from,to
Johns Hopkins Hospital,39.2967,-76.5927,2009,2010
Mayo Clinic Rochester,44.0222,-92.4666,2009,2010
Ronald Reagan UCLA Medical Center,34.0659,-118.4465,2009,2010
Cleveland Clinic,41.5024,-81.6176,2009,2010
Massachusetts General Hospital,42.3632,-71.0688,2009,2010
New York-Presbyterian University Hospital of Columbia and Cornell,40.84089,-73.9417,2009,2010
"University of California, San Francisco Medical Center",37.7627,-122.4586,2009,2010
Hospital of the University of Pennsylvania,39.95,-75.1938,2009,2010
"Barnes-Jewish Hospital/Washington University, St. Louis",38.6369,-90.2645,2009,2010
"Brigham and Women's Hospital, Boston",42.336,-71.1068,2009,2010
"Duke University Medical Center, Durham, N.C.",36.0071,-78.9371,2009,2010
"University of Washington Medical Center, Seattle",47.655547999999996,-122.3032,2009,2010
UPMC-University of Pittsburgh,40.440624,-79.995888,2009,2010
University of Michigan Hospitals and Health Centers,42.2835,-83.7306,2009,2010
Stanford Hospital and Clinics,37.4335,-122.1754,2009,2010
Vanderbilt University Medical Center,36.1417,-86.8021,2009,2010
NYU Langone Med Center,40.7468,-73.9722,2009,2010
Yale-New Haven Hospital,41.3036,-72.9359,2009,2010
Mount Sinai Medical Center,40.7891,-73.9539,2009,2010
Methodist Hospital,29.7114,-95.4,2009,2010
Ohio State University Hospital,39.99926,-83.014824,2009,2010
Johns Hopkins Hospital,39.2967,-76.5927,2010,2011
Mayo Clinic Rochester,44.0222,-92.4666,2010,2011
Massachusetts General Hospital,42.3632,-71.0688,2010,2011
Cleveland Clinic,41.5024,-81.6176,2010,2011
Ronald Reagan UCLA Medical Center,34.0659,-118.4465,2010,2011
New York-Presbyterian University Hospital of Columbia and Cornell,40.84089,-73.941745,2010,2011
"University of California, San Francisco Medical Center",37.7627,-122.4586,2010,2011
"Barnes-Jewish Hospital/Washington University, St. Louis",38.6369,-90.2645,2010,2011
Hospital of the University of Pennsylvania,39.95,-75.1938,2010,2011
"Duke University Medical Center, Durham, N.C.",36.0071,-78.9371,2010,2011
"Brigham and Women's Hospital, Boston",42.336,-71.1068,2010,2011
University of Washinton Med Center,47.6493,-122.3067,2010,2011
UPMC-University of Pittsburgh,40.440624,-79.995888,2010,2011
University of Michigan Hospitals and Health Centers,42.2835,-83.7306,2010,2011
Johns Hopkins Hospital,39.2967,-76.5927,2011,2012
Massachusetts General Hospital,42.3632,-71.0688,2011,2012
Mayo Clinic Rochester,44.0222,-92.4666,2011,2012
Cleveland Clinic,41.5024,-81.6176,2011,2012
Ronald Reagan UCLA Medical Center,34.0659,-118.4465,2011,2012
New York-Presbyterian University Hospital of Columbia and Cornell,40.84089,-73.941745,2011,2012
"University of California, San Francisco Medical Center",37.7627,-122.4586,2011,2012
"Brigham and Women's Hospital, Boston",42.336,-71.1068,2011,2012
"Duke University Medical Center, Durham, N.C.",36.0071,-78.9371,2011,2012
Hospital of the University of Pennsylvania,39.95,-75.1938,2011,2012
"Barnes-Jewish Hospital/Washington University, St. Louis",38.6369,-90.2645,2011,2012
UPMC-University of Pittsburgh,40.440624,-79.995888,2011,2012
University of Washinton Med Center,47.6493,-122.3067,2011,2012
University of Michigan Hospitals and Health Centers,42.2835,-83.7306,2011,2012
Vanderbilt University Medical Center,36.1417,-86.8021,2011,2012
"Mount Sinai Medical Center, NY",25.8142,-80.1399,2011,2012
Stanford Hospital and Clinics,37.4335,-122.1754,2011,2012
Massachusetts General Hospital,42.3632,-71.0688,2012,2013
Johns Hopkins Hospital,39.2967,-76.5927,2012,2013
Mayo Clinic Rochester,44.0222,-92.4666,2012,2013
Cleveland Clinic,41.5024,-81.6176,2012,2013
Ronald Reagan UCLA Medical Center,34.0659,-118.4465,2012,2013
"Barnes-Jewish Hospital/Washington University, St. Louis",38.6369,-90.2645,2012,2013
New York-Presbyterian University Hospital of Columbia and Cornell,40.84089,-73.941745,2012,2013
"Duke University Medical Center, Durham, N.C.",36.0071,-78.9371,2012,2013
"Brigham and Women's Hospital, Boston",42.336,-71.1068,2012,2013
UPMC-University of Pittsburgh,40.440624,-79.995888,2012,2013
NYU Langone Med Center,40.7468,-73.9722,2012,2013
"Northwestern Memorial Hospital, IL",41.8946,-87.6213,2012,2013
"University of California, San Francisco Medical Center",37.7627,-122.4586,2012,2013
"Mount Sinai Medical Center, NY",25.8142,-80.1399,2012,2013
Hospital of the University of Pennsylvania,39.95,-75.1938,2012,2013
Indiana University Health,39.167908000000004,-86.518982,2012,2013
University of Michigan Hospitals and Health Centers,42.2835,-83.7306,2012,2013
Johns Hopkins Hospital,39.2967,-76.5927,2013,2014
Massachusetts General Hospital,42.3632,-71.0688,2013,2014
Mayo Clinic Rochester,44.0222,-92.4666,2013,2014
Cleveland Clinic,41.5024,-81.6176,2013,2014
Ronald Reagan UCLA Medical Center,34.0659,-118.4465,2013,2014
"Northwestern Memorial Hospital, IL",41.8946,-87.6213,2013,2014
"University of California, San Francisco Medical Center",37.7627,-122.4586,2013,2014
New York-Presbyterian University Hospital of Columbia and Cornell,40.84089,-73.941745,2013,2014
"Brigham and Women's Hospital, Boston",42.336,-71.1068,2013,2014
UPMC-University of Pittsburgh,40.440624,-79.995888,2013,2014
Hospital of the University of Pennsylvania,39.95,-75.1938,2013,2014
"Duke University Medical Center, Durham, N.C.",36.0071,-78.9371,2013,2014
Cedars-Sinai Medical Center,34.0753,-118.3804,2013,2014
NYU Langone Med Center,40.7468,-73.9722,2013,2014
"Barnes-Jewish Hospital/Washington University, St. Louis",38.6369,-90.2645,2013,2014
Indiana University Health,39.167908000000004,-86.518982,2013,2014
Thomas Jefferson University Hospital,39.9498,-75.158,2013,2014
University Hospitals Case Medical Center,41.506,-81.6068,2013,2014
Mayo Clinic Rochester,44.0222,-92.4666,2014,2015
Massachusetts General Hospital,42.3632,-71.0688,2014,2015
Johns Hopkins Hospital,39.2967,-76.5927,2014,2015
Cleveland Clinic,41.5024,-81.6176,2014,2015
Ronald Reagan UCLA Medical Center,34.0659,-118.4465,2014,2015
New York-Presbyterian University Hospital of Columbia and Cornell,40.84089,-73.9417452,2014,2015
Hospital of the University of Pennsylvania,39.95,-75.1938,2014,2015
"University of California, San Francisco Medical Center",37.7627,-122.4586,2014,2015
Brigham and Women's Hospital,42.336000000000006,-71.1068,2014,2015
Northwestern Memorial Hospital,41.8946,-87.6213,2014,2015
University of Washington Medical Center,47.6493,-122.3067,2014,2015
Cedars-Sinai Medical Center,34.0753,-118.3804,2014,2015
UPMC-University of Pittsburgh,40.440624,-79.995888,2014,2015
"Duke University Medical Center, Durham, N.C.",36.0071,-78.9371,2014,2015
NYU Langone Medical Center,40.7468,-73.9722,2014,2015
"Mount Sinai Medical Center, NY",25.8142,-80.1399,2014,2015
"Barnes-Jewish Hospital/Washington University, St. Louis",38.6369,-90.2645,2014,2015
Massachusetts General Hospital,42.3632,-71.0688,2015,2016
Mayo Clinic Rochester,44.0222,-92.4666,2015,2016
Johns Hopkins Hospital,39.2967,-76.5927,2015,2016
Ronald Reagan UCLA Medical Center,34.0659,-118.4465,2015,2016
Cleveland Clinic,41.5024,-81.6176,2015,2016
"Brigham and Women's Hospital, Boston",42.336,-71.1068,2015,2016
New York-Presbyterian University Hospital of Columbia and Cornell,40.84089,-73.941745,2015,2016
"University of California, San Francisco Medical Center",37.7627,-122.4586,2015,2016
Hospital of the University of Pennsylvania,39.95,-75.1938,2015,2016
"Barnes-Jewish Hospital/Washington University, St. Louis",38.6369,-90.2645,2015,2016
"Northwestern Memorial Hospital, IL",41.8946,-87.6213,2015,2016
NYU Langone Med Center,40.7468,-73.9722,2015,2016
UPMC-University of Pittsburgh,40.440624,-79.995888,2015,2016
"Duke University Medical Center, Durham, N.C.",36.0071,-78.9371,2015,2016
Stanford Hospital and Clinics,37.4335,-122.1754,2015,2016
Mayo Clinic Rochester,44.0222,-92.4666,2016,2017
Cleveland Clinic,41.5024,-81.6176,2016,2017
Massachusetts General Hospital,42.3632,-71.0688,2016,2017
Johns Hopkins Hospital,39.2967,-76.5927,2016,2017
Ronald Reagan UCLA Medical Center,34.0659,-118.4465,2016,2017
New York-Presbyterian University Hospital of Columbia and Cornell,40.84089,-73.941745,2016,2017
"University of California, San Francisco Medical Center",37.7627,-122.4586,2016,2017
"Northwestern Memorial Hospital, IL",41.8946,-87.6213,2016,2017
Hospital of the University of Pennsylvania,39.95,-75.1938,2016,2017
NYU Langone Med Center,40.7468,-73.9722,2016,2017
"Barnes-Jewish Hospital/Washington University, St. Louis",38.6369,-90.2645,2016,2017
UPMC-University of Pittsburgh,40.440624,-79.995888,2016,2017
"Brigham and Women's Hospital, Boston",42.336,-71.1068,2016,2017
Stanford Hospital and Clinics,37.4335,-122.1754,2016,2017
Mount Sinai Medical Center,40.7891,-73.9539,2016,2017
"Duke University Medical Center, Durham, N.C.",36.0071,-78.9371,2016,2017
Cedars-Sinai Medical Center,34.0753,-118.3804,2016,2017
University of Michigan Hospitals and Health Centers,42.2835,-83.7306,2016,2017
Houston Methodist,29.7114,-95.4,2016,2017
University of Colorado Hospital,39.7423,-104.8416,2016,2017
Mayo Clinic Rochester,44.0222,-92.4666,2017,2018
Cleveland Clinic,41.5024,-81.6176,2017,2018
Johns Hopkins Hospital,39.2967,-76.5927,2017,2018
Massachusetts General Hospital,42.3632,-71.0688,2017,2018
"University of California, San Francisco Medical Center",37.7627,-122.4586,2017,2018
University of Michigan Hospitals and Health Centers,42.2835,-83.7306,2017,2018
Ronald Reagan UCLA Medical Center,34.0659,-118.4465,2017,2018
New York-Presbyterian University Hospital of Columbia and Cornell,40.84089,-73.941745,2017,2018
Stanford Hospital and Clinics,37.4335,-122.1754,2017,2018
Hospital of the University of Pennsylvania,39.95,-75.1938,2017,2018
Cedars-Sinai Medical Center,34.0753,-118.3804,2017,2018
"Barnes-Jewish Hospital/Washington University, St. Louis",38.6369,-90.2645,2017,2018
"Northwestern Memorial Hospital, IL",41.8946,-87.6213,2017,2018
UPMC-University of Pittsburgh,40.440624,-79.995888,2017,2018
University of Colorado Hospital,39.7423,-104.8416,2017,2018
Thomas Jefferson University Hospital,39.9498,-75.158,2017,2018
"Duke University Medical Center, Durham, N.C.",36.0071,-78.9371,2017,2018
Mount Sinai Medical Center,40.7891,-73.9539,2017,2018
NYU Langone Med Center,40.7468,-73.9722,2017,2018
Mayo Clinic Phoenix		,33.6582,-111.9562,2017,2018
