Hospital name,Frequency
Cleveland Clinic,9
Mayo Clinic Rochester,9
Ronald Reagan UCLA Medical Center,9
Massachusetts General Hospital,9
"Duke University Medical Center, Durham, N.C.",9
New York-Presbyterian University Hospital of Columbia and Cornell,9
Hospital of the University of Pennsylvania,9
"Barnes-Jewish Hospital/Washington University, St. Louis",9
Johns Hopkins Hospital,9
"University of California, San Francisco Medical Center",9
UPMC-University of Pittsburgh,9
"Brigham and Women's Hospital, Boston",8
NYU Langone Medical Center,7
"Mount Sinai Medical Center, NY",6
University of Michigan Hospitals and Health Centers,6
"Northwestern Memorial Hospital, IL",6
Stanford Hospital and Clinics,5
"University of Washington Medical Center, Seattle",4
Cedars-Sinai Medical Center,4
Vanderbilt University Medical Center,2
Indiana University Health,2
University of Colorado Hospital,2
Thomas Jefferson University Hospital,2
Houston Methodist,2
"Mayo Clinic Phoenix		",1
Ohio State University Hospital,1
University Hospitals Case Medical Center,1
Yale-New Haven Hospital,1